"txHash","blockNumber","to","from","value","currency","type"
"0xd3a63653b3cfea5c0c74756e1a2a82b0bc111b7520a9ccc67624606959978702","12212205","0x35862ae7e70af9e0fff4a0ece8aa5470207468ac","0xf05f5d4ad1b3fd5ad57ba5ca386d0db2e8b317aa","250000000000000000","ETH","IN"
"0x2c7d18b7c9e14c5483ecac18faa4b90808c48cf9fd899c4b4db012296c7fc76e","12567424","0x7a3949e4bc908dfa3d28f7c84b1fe2d1d5ddb3db","0x35862ae7e70af9e0fff4a0ece8aa5470207468ac","100000000000000000","ETH","OUT"
"0x9cb917b61499c6bf46e7ef44a62ae27ee993994d4c9765a2047cf3d59a978495","12568260","0xf296a467f6ce36edb2cf8763fc80cbeed9f0a175","0x35862ae7e70af9e0fff4a0ece8aa5470207468ac","100000000000000000","ETH","OUT"
"0x7a745c283fafca62f05acbce02bd75b13b6e32ae98f93f12f5eb454c74788207","12574201","0x4274a49fbeb724d75b8ba7bfc55fc8495a15ad1e","0x35862ae7e70af9e0fff4a0ece8aa5470207468ac","1000000000000000000","ETH","OUT"
"0xa55377162288357b8f9a0f3764445fe1458324b5302921a7163c2d608c7566ac","12574205","0xa68e764d8917d253f997df1fed1bda8b38a281c8","0x35862ae7e70af9e0fff4a0ece8aa5470207468ac","1000000000000000000","ETH","OUT"
"0xb37452f3d0de33e86adbfe4f3a568c35f27a21c7aac20cc9702a777fd525163f","12592089","0x3f36990f6b1400635f71bcaa6f4921463d61924c","0x35862ae7e70af9e0fff4a0ece8aa5470207468ac","1000000000000000000","ETH","OUT"
"0xce09e7230fbb2ebe639e36452bcc9bb9909af53c7d8f25bde3cd072cd7f10856","12594080","0x3f36990f6b1400635f71bcaa6f4921463d61924c","0x35862ae7e70af9e0fff4a0ece8aa5470207468ac","41000000000000000000","ETH","OUT"
"0x071074d15a4e336470fd8533d4501bd25de060088bf294f39ba67bde0fb03969","12598283","0x35862ae7e70af9e0fff4a0ece8aa5470207468ac","0x178e18480db18a8addd3df2b7191f5991b4d7716","100000000000000000","ETH","IN"
"0xaa403d4ac09be7705fc033a260b1ac3c2afec74cda645839735518c707367ad8","12599094","0x35862ae7e70af9e0fff4a0ece8aa5470207468ac","0x178e18480db18a8addd3df2b7191f5991b4d7716","68377362538913043675","ETH","IN"
"0x71e065d320645a58a45c4cf306f505a8d194b95f3b0bc47edc219e988a6dc3d8","12645996","0x752ff009185bb8eb30707cabac89311bc8f3a480","0x35862ae7e70af9e0fff4a0ece8aa5470207468ac","1000000000000000000","ETH","OUT"
"0x4eb6a611ae5f525fb87722cd99b1f3558c84cad237c5f5db7e6477ed82b568b7","12926061","0x52de8d3febd3a06d3c627f59d56e6892b80dcf12","0x35862ae7e70af9e0fff4a0ece8aa5470207468ac","1","ETH","OUT"
"0xed4da82238412f4d2d3a39f97aced20dd431806a265873a9f1fb962dd40a293f","12956588","0x7a250d5630b4cf539739df2c5dacb4c659f2488d","0x35862ae7e70af9e0fff4a0ece8aa5470207468ac","2688847449982723216","ETH","OUT"
"0x12f127c0ab3748ddaf6e291762062af45165d6d894da74b722d6c9851fb3e6c3","12959326","0xae15e700ebaef48fa7920ba40938eee3a88cc29c","0x35862ae7e70af9e0fff4a0ece8aa5470207468ac","3500000000000000000","ETH","OUT"
"0x2d960f625882cb9c8d3892e5ad134a519c52799a094a39b6e1ad0edd742f046a","12971120","0x7a250d5630b4cf539739df2c5dacb4c659f2488d","0x35862ae7e70af9e0fff4a0ece8aa5470207468ac","3398319443649205549","ETH","OUT"
"0x9cd2eda1b89bdf6f32f689faaea057c6a3415b12925a4ac6a097f4e4da130c64","12984376","0x7a250d5630b4cf539739df2c5dacb4c659f2488d","0x35862ae7e70af9e0fff4a0ece8aa5470207468ac","1299200828790029915","ETH","OUT"
"0xccf087c1537457c3679b52f04d8d7030f9e82915693f848d3146faab1049c926","12991902","0x7a250d5630b4cf539739df2c5dacb4c659f2488d","0x35862ae7e70af9e0fff4a0ece8aa5470207468ac","1295730329842941667","ETH","OUT"
"0x1ece056cae4956d8083d68e901de0236f220771afcbce816485023d2562ae531","12212652","0x2d69bab9738b05048be16de3e5e0a945b8eeef3a","0x35862ae7e70af9e0fff4a0ece8aa5470207468ac","20000000000","USDT","OUT"
"0x5c472f4506c38a5b09a2cb2233c10c639556cb51dc54f07197c907575533e90a","12233171","0x35862ae7e70af9e0fff4a0ece8aa5470207468ac","0x2faf487a4414fe77e2327f0bf4ae2a264a776ad2","125000000000","USDC","IN"
"0xc6f9991a074b51ba14c24812dc089878db5114fb6e9fff97039de6bb2dfbae13","12236333","0x35862ae7e70af9e0fff4a0ece8aa5470207468ac","0x73eaf2941279b8ec6e62ca9b1a060c4ef8663db6","100000000000","USDT","IN"
"0x3a0cd979c25cb5489d61fd7e65df7e1562cb35db2e9deaf68dff2cff7e84da22","12255848","0x35862ae7e70af9e0fff4a0ece8aa5470207468ac","0x09ecac8fcf98dd505bef9bcbce0b574400dff9d1","5000000000","USDT","IN"
"0x38a00e96635ca669b504d24d8e13162688b6f2d5ec390005f6ec4e9323a2c0f2","12257580","0x35862ae7e70af9e0fff4a0ece8aa5470207468ac","0x618ffd1cdabee36ce5992a857cc7463f21272bd7","550000000","USDT","IN"
"0x372254dba2bdc4a59939374142cfe171145b5eb366382ba1afe01e442566fedb","12258107","0x35862ae7e70af9e0fff4a0ece8aa5470207468ac","0xd551234ae421e3bcba99a0da6d736074f22192ff","5700000000","USDC","IN"
"0x14c30faf5592dc719f5c08dc201cea9e1627a7f308316452b430e2187b5680cd","12258119","0x35862ae7e70af9e0fff4a0ece8aa5470207468ac","0x618ffd1cdabee36ce5992a857cc7463f21272bd7","2500000000","USDT","IN"
"0xcd59587cea42dca69b81a2180e5420a7261767a66f7b7a10731f964337b82458","12270728","0x35862ae7e70af9e0fff4a0ece8aa5470207468ac","0x3b4a390c0612d3aaa1521145a9c27b94c9955823","45000000000","USDT","IN"
"0xbfcea04ff1c024bcbe9a50d9a066308aa283a1cc5cab56b8beacc238e6683367","12272776","0x35862ae7e70af9e0fff4a0ece8aa5470207468ac","0x8888888888e9997e64793849389a8faf5e8e547c","10000000000","USDT","IN"
"0x34719eb1f1bb59d2e2b4fc0d1adce74c12fd791cc0ff133c31375f7a17a5c891","12281665","0x35862ae7e70af9e0fff4a0ece8aa5470207468ac","0x2faf487a4414fe77e2327f0bf4ae2a264a776ad2","25000000000","USDC","IN"
"0xabbcb073cc791043db6761385b318aa7f4ea0a1db2ef014531d1563d8507df27","12284426","0x35862ae7e70af9e0fff4a0ece8aa5470207468ac","0xd266d61ac22c2a2ac2dd832e79c14ea152c998d6","50000000000","USDT","IN"
"0xaafca529f422d16283208a59142a3beb0be192c051f11a5e4837b0c16426c3af","12284430","0x35862ae7e70af9e0fff4a0ece8aa5470207468ac","0xd266d61ac22c2a2ac2dd832e79c14ea152c998d6","80000000000","USDC","IN"
"0x7d07dcaf5e8dd7cef6ec819de7e5bfe510a2ef7df86879c14b71cd764fc1c3cb","12284736","0x35862ae7e70af9e0fff4a0ece8aa5470207468ac","0x842485ac1cf5d37d3cfd013745618561b2da4b46","10000000","USDT","IN"
"0x0b15adaf380bf94185920e3242eae0eec290430fa26cb53b7b845523b59d5252","12284938","0x35862ae7e70af9e0fff4a0ece8aa5470207468ac","0x3fda25f27211a138adf211f4c060f2149674be6d","500000000","USDC","IN"
"0xefe1435d8dc2c6610e21aa3ba3cd07f1fc9e859fbc65939b83e6c1e6dce0fa27","12289392","0x35862ae7e70af9e0fff4a0ece8aa5470207468ac","0x030eb3ed0f2cfde784e7614fa204ec7cb3bb1a16","5000000000","USDT","IN"
"0x434299640c123803b86e022ca9512dbe09399fc0f15a6f815640d3f1c4af4db0","12289509","0x35862ae7e70af9e0fff4a0ece8aa5470207468ac","0x564286362092d8e7936f0549571a803b203aaced","874000000","USDT","IN"
"0x17a0d79f53c92faa66a5c36361f76857104509faed58e6e53dbf172ce1ba7d8a","12289593","0x35862ae7e70af9e0fff4a0ece8aa5470207468ac","0x842485ac1cf5d37d3cfd013745618561b2da4b46","5000000000","USDT","IN"
"0x1fb793771f0c44ff186998bf26d42c58a83b88a4d12ff4c91f0edced21c8a36f","12294988","0x35862ae7e70af9e0fff4a0ece8aa5470207468ac","0x9072fef873221262604a8b03cbf821d22538d00e","5000000000","USDC","IN"
"0xad3474f315b889f7032d5b7c4de4b01abf53ccf78e5bb89a3f97650b9a80a894","12295861","0x35862ae7e70af9e0fff4a0ece8aa5470207468ac","0x302ec2a256a0f05f70e9377b5113c4ed8b2af5c6","100000000000","USDC","IN"
"0x95244e44f6d827c132a705f295508a6c8962d562bd40e12bfaf2c14685209587","12297316","0x35862ae7e70af9e0fff4a0ece8aa5470207468ac","0xdbc06ffc75fd4c3b31b8885f530e254bcc166f37","20000000000","USDT","IN"
"0xdb16918f99e8a502515b29b29b6372aa0c1d15b59ce212f6d772a942a3fc6ff1","12307926","0x35862ae7e70af9e0fff4a0ece8aa5470207468ac","0x39f63114e00ed84422fb13c6149b833727e6322d","5000000","USDC","IN"
"0xd84ff2cd8893bc7fa18d33c022512d125a1c179076e50de4999abe2140813f22","12307953","0x35862ae7e70af9e0fff4a0ece8aa5470207468ac","0x72ee4a3e8d231a09af55ce90d13985739a3fe7a1","5000000","USDC","IN"
"0x0cdabe5dc6a1a65be554f6bf7eb369ed58d74b61e5ab6cab8c2a44da0e654734","12307985","0x35862ae7e70af9e0fff4a0ece8aa5470207468ac","0x03d34065f6681d1fb9bda2a29da0f9a195e1394a","24990000000","USDC","IN"
"0xe2162b98bd97be91e7cd7e425e86a606e32b44c0d4a1505cd2907410963ba1db","12310809","0x35862ae7e70af9e0fff4a0ece8aa5470207468ac","0x4a5bb1c9347a0d4f7e06a29239162f03647d9232","100000000000","USDT","IN"
"0x32678613fa7fb405ed928e2c14a653e6b9607db7fc2ca4fb835235e7771367c8","12314703","0x35862ae7e70af9e0fff4a0ece8aa5470207468ac","0xe0f0cfde7ee664943906f17f7f14342e76a5cec7","5000000000","USDT","IN"
"0xd1a3aa082d63df3c72767186d47113f4d8924089165e4b7777338d05cd03e2f0","12315949","0x35862ae7e70af9e0fff4a0ece8aa5470207468ac","0xe0f0cfde7ee664943906f17f7f14342e76a5cec7","650000000","USDT","IN"
"0x15e0bcaf925fc2124c59bf79b589628db0fa8fcee938e7557231a6426ab7b068","12330257","0x35862ae7e70af9e0fff4a0ece8aa5470207468ac","0xcb8dd951bd0fbb5d6583f096b3e8164edf899b9a","65000000000","USDT","IN"
"0xf4f7abeb9bb30091b5c9475e5a9707b96576070b5bf04e97410497e66542474d","12349277","0x35862ae7e70af9e0fff4a0ece8aa5470207468ac","0x859dd6add97806c8ff70700f10d42fe3e165bec7","5000000000","USDC","IN"
"0x389c9969fb8ec3adc97cedd9ddfed5f4eba70401eed6093bd3e4e65a2834de7e","12360022","0x35862ae7e70af9e0fff4a0ece8aa5470207468ac","0x8e0a6335a97e7943a91f4d402e820c08993e800e","25004000000","USDC","IN"
"0x160058ec1d2fc0d7cb351a31132bf0eee410067018a952fd7d31badf80190736","12360287","0x35862ae7e70af9e0fff4a0ece8aa5470207468ac","0xb092925d2f39b063cfad83560fc7d2af179d5776","5000000000","USDT","IN"
"0x6025248a953cdfd56a019f966f12ead1c43df20151a46b6ab8f921e28cc4c6d4","12360663","0x35862ae7e70af9e0fff4a0ece8aa5470207468ac","0xb56d5d4b3aba4608fbb61abc47740c234dc56106","4500000000","USDT","IN"
"0xe07969d1e6a46d68542a69c78020c7d8c995de82dadb2461775344e3d811f1e3","12361806","0x35862ae7e70af9e0fff4a0ece8aa5470207468ac","0x618ffd1cdabee36ce5992a857cc7463f21272bd7","3960000000","USDT","IN"
"0x84673c5af5209752d3e6320639f72d24de8e8a0d6d8a2b8231bf99f7dcd25147","12362470","0x35862ae7e70af9e0fff4a0ece8aa5470207468ac","0x986a2fca9eda0e06fbf7839b89bfc006ee2a23dd","5000000000","USDT","IN"
"0x3dbfa0a599993c2e079100d0231fcb600757b1ef1756aad7f123d517f18d6481","12368488","0x35862ae7e70af9e0fff4a0ece8aa5470207468ac","0x4553ed5d8d3731e629f67bd86abd021175f31848","10000000000","USDT","IN"
"0x5f0da1d5a23abd54e1be36d0ed7b1d3979e4bc4ab1da24ff27aa0531ea8b993a","12382445","0x35862ae7e70af9e0fff4a0ece8aa5470207468ac","0x85b2b25bcb79a4945c1d7ad5e773f4af5b7167c3","3000000000","USDC","IN"
"0x280a6cdb47bde080c1113433307edae944a176455de4cd583671cacb132fced4","12384841","0x35862ae7e70af9e0fff4a0ece8aa5470207468ac","0x2faf487a4414fe77e2327f0bf4ae2a264a776ad2","3500000000","USDC","IN"
"0x0a79664b11186e46e3b23fd999e4a7b7a1bafd7b23931003a7f39538d917e46e","12385852","0x35862ae7e70af9e0fff4a0ece8aa5470207468ac","0xf05f5d4ad1b3fd5ad57ba5ca386d0db2e8b317aa","3800000000","USDT","IN"
"0xbeb51cf5af968693767905caef3188a5fe0e6d3ed985d75463e526d3889eb81a","12385853","0x35862ae7e70af9e0fff4a0ece8aa5470207468ac","0xf05f5d4ad1b3fd5ad57ba5ca386d0db2e8b317aa","200000000000000000000","DAI","IN"
"0x52e7705e9487d6c6bc0cd8f5128b1483ca92de024da2fbfd575eac718cb04596","12386183","0x35862ae7e70af9e0fff4a0ece8aa5470207468ac","0x46fae3c5553ed70dabdee1aae917faf64250e806","6500000000","USDT","IN"
"0xdcb1a1a11acdd3eac2bc93d9553bc1763870d5c2ba061fe0b3cc49c6c160220a","12386189","0x35862ae7e70af9e0fff4a0ece8aa5470207468ac","0x9349284cc71056d28885c18036ea9bcbc2436959","1500000000","USDT","IN"
"0x1e22f718bf25bf1d3b41253b4facf437c585ebd949cb8fb67fbd359f53b5efe8","12387018","0x35862ae7e70af9e0fff4a0ece8aa5470207468ac","0x1bf01c70f721c2bb5aee4dbabb6dea05a6f844fb","2000000000","USDT","IN"
"0xfc00d33608e5fbf2fbff7ab4b9c087e976f836a829624b12443f10654d1703ce","12387229","0x35862ae7e70af9e0fff4a0ece8aa5470207468ac","0x11a225be3cffd0bbc350828cf81fb99168c88731","1500000000","USDT","IN"
"0x0a72c32de7ee43cc755b66a747b0b618724fffea9d79e4004a1006384a20ef47","12398734","0x35862ae7e70af9e0fff4a0ece8aa5470207468ac","0x50899582199c06d5264eddcd12879e5210783ba8","5500000000","USDT","IN"
"0x317703f40670d771e70ccd149c9000bf64d9a784c2dac40b457bf8ae9a952254","12405239","0x35862ae7e70af9e0fff4a0ece8aa5470207468ac","0x9c6d4c10df976205de101f8039184b2a8191f0a7","3000000000","USDT","IN"
"0x6f0007eb196f3f1b98d55437900f73b77aec2f4f38efa6d519bb138526982d64","12411610","0x35862ae7e70af9e0fff4a0ece8aa5470207468ac","0xf3cf49b9b713d8e9045fd10f579599aee9dc5266","2000000000","USDT","IN"
"0xbde20aa107b441ed37ab87a671c3ae101d0afe63c8873a71e577ea6d7cc1ada2","12411919","0x35862ae7e70af9e0fff4a0ece8aa5470207468ac","0x7f25b76932ca2ad171f4addb5eb190c47c11fc43","4500000000","USDT","IN"
"0x6003aa455114285ab89e1fa80e8631487cc8a3d51c55092473cce12a651c2455","12419017","0x35862ae7e70af9e0fff4a0ece8aa5470207468ac","0xd62a38bd99376013d485214cc968322c20a6cc40","3000000000","USDC","IN"
"0x1a5fe6c9bbe199cd821a082f142fe6ab8523e951541eb893c78768485432bf96","12421451","0x35862ae7e70af9e0fff4a0ece8aa5470207468ac","0x85b931a32a0725be14285b66f1a22178c672d69b","2300000000","USDT","IN"
"0xe02ca475f0f880d9fc18e6b2fdb1d87031834adc88ca6c86f6ee3f9580d89075","12425961","0x74de5d4fcbf63e00296fd95d33236b9794016631","0x35862ae7e70af9e0fff4a0ece8aa5470207468ac","10000000000","USDC","OUT"
"0x85118dbabe35a596c767ed1fae543026c6ece70a42ef46250b5d1560cb04a840","12427208","0x35862ae7e70af9e0fff4a0ece8aa5470207468ac","0x41e3fe77de1eca115902eb058b1fb57395358d62","40000000000","USDT","IN"
"0x96207df6b0edb7645f6eb52bcc14f51a9a04cd1cfd87253b0c9f32549bca7a6a","12433668","0x35862ae7e70af9e0fff4a0ece8aa5470207468ac","0x0d4ed61d464084f126bf93b4cd868a7f177fe901","15000000000","USDT","IN"
"0xaed2dc188db5cb28a57801783183dbd44606a337898085c0edea13db166b69b1","12437596","0x35862ae7e70af9e0fff4a0ece8aa5470207468ac","0x9e6d8980bc9fc98c5d2db48c46237d12d9873ab0","3000000000","USDT","IN"
"0x634e2753cf7c5505d59d95470c921082348020878a2c3c4127fa8faeadff790b","12450752","0x74de5d4fcbf63e00296fd95d33236b9794016631","0x35862ae7e70af9e0fff4a0ece8aa5470207468ac","10000000000","USDT","OUT"
"0x2e81160f99d9584f9d97dbc0360d4e6eff3afe1d2143e1d8d6dc3d693bbfade2","12451081","0xf05f5d4ad1b3fd5ad57ba5ca386d0db2e8b317aa","0x35862ae7e70af9e0fff4a0ece8aa5470207468ac","1000000000","USDT","OUT"
"0x52fb4f6fed3c23efb05d1739e1d38ade965dc65284ff630859d7bb3136195a77","12451655","0x35862ae7e70af9e0fff4a0ece8aa5470207468ac","0xe25684c91cf468ac1af7297ab3af6235f1ca1dc3","2000000000","USDT","IN"
"0xd1ddc73237e07acb9276e6a8985f3bbd9d8a0c83ddc653181a879be8f228ab71","12456511","0x35862ae7e70af9e0fff4a0ece8aa5470207468ac","0x92841bebabe89d3c5e0d5129f19779bdfe3cd9e4","80000000000","USDC","IN"
"0xc41174dd9f7728f949af9e813ba054607b9457771a250074e0477770dffcdf6e","12459431","0x35862ae7e70af9e0fff4a0ece8aa5470207468ac","0x5694b148283a0422e55964dc5fc51aa4ff6021ee","2000000000","USDT","IN"
"0x67b8d25465db2a2d383f022d94ab727867e82b58e4a8cc83e159415b9c448d43","12466267","0xf7237b736602c3d19d53ca1b11ccdaa6303f3f36","0x35862ae7e70af9e0fff4a0ece8aa5470207468ac","100000000","USDT","OUT"
"0x9a8ce3e7f8228a754c650b9ef966db87bb7731616eba47183f66b8168b911863","12466267","0xf7237b736602c3d19d53ca1b11ccdaa6303f3f36","0x35862ae7e70af9e0fff4a0ece8aa5470207468ac","100000000","USDT","OUT"
"0x0a403cf40dd2aee9e162aadac845bff1867a2c16293195acf299ed4e59abe032","12466407","0xf7237b736602c3d19d53ca1b11ccdaa6303f3f36","0x35862ae7e70af9e0fff4a0ece8aa5470207468ac","44800000000","USDT","OUT"
"0xa2e1b1278d4bfbb9871c295a2385422d05825a6b0691c422655c22dabeb37f21","12475673","0x74de5d4fcbf63e00296fd95d33236b9794016631","0x35862ae7e70af9e0fff4a0ece8aa5470207468ac","15000000000","USDT","OUT"
"0x7199b685a25f0e3baf52c2e84108f997edbdf4319ee4b46390f92feb63cdad99","12477478","0x35862ae7e70af9e0fff4a0ece8aa5470207468ac","0xa787a56c43847a3b5a0110d0b5e004e47f57b22e","7500000000","USDT","IN"
"0xe2efccd4dfaf04f49ba91612294e79dc7ea55fcc040159f8ff3f58b79c0fccf9","12477935","0xf0bb59762d9f50fda06d73c13443898fc013e4c2","0x35862ae7e70af9e0fff4a0ece8aa5470207468ac","12194000000","USDC","OUT"
"0x6e6bf16135e5573e6c030f8355b35c9673f89e47ec5528b21210394d42b19906","12496216","0x46b676303ebc5699bf47e416677a57a89c70a015","0x35862ae7e70af9e0fff4a0ece8aa5470207468ac","1700000000","USDC","OUT"
"0x9e1a73d7253c497a278d5f3e7c65da280e848b8a80caaf75cdc0e295d3db46d9","12497045","0x74de5d4fcbf63e00296fd95d33236b9794016631","0x35862ae7e70af9e0fff4a0ece8aa5470207468ac","10000000000","USDT","OUT"
"0x5536b45e399d1dad250c2934b8133affda6fc8f608a8b1968fc1339606789305","12503656","0x2d69bab9738b05048be16de3e5e0a945b8eeef3a","0x35862ae7e70af9e0fff4a0ece8aa5470207468ac","1500000000","USDT","OUT"
"0xfad41ffe6436f93e74628f8333336e11aac351ef3ffea4e11d8fdee3530bd15c","12503662","0x9349284cc71056d28885c18036ea9bcbc2436959","0x35862ae7e70af9e0fff4a0ece8aa5470207468ac","100000000","USDT","OUT"
"0xc595bd2baa73c78f1e56b6c30f065a1c55cf34941c2cd3f9b59bbec49c2184ac","12507631","0x11eff19dc599ee676b6d65bae0a60479a87e889a","0x35862ae7e70af9e0fff4a0ece8aa5470207468ac","2000000000","USDT","OUT"
"0x3e54900170ad998baac53d93b4cfed3d564788e39ae4b7d58f46aea861c10183","12507897","0x35862ae7e70af9e0fff4a0ece8aa5470207468ac","0x1640555d9937cec3b9cca3225edbe9771b1185ec","10000000000","USDC","IN"
"0xd4030b40ffbf90e4781af8bdc2b9ebfeb9c3d649d6760f72151d953bacda4176","12508853","0x35862ae7e70af9e0fff4a0ece8aa5470207468ac","0x9f62257406227b87724ea6b049cfab63c42df407","3333000000","USDT","IN"
"0x5fd045eb3aa5afee9c50f579752c111724aee6d8efeb52756907f5cc44a09f31","12509861","0x9f62257406227b87724ea6b049cfab63c42df407","0x35862ae7e70af9e0fff4a0ece8aa5470207468ac","3333000000","USDT","OUT"
"0x7b1ad8c23c8d27b84ed50b022014a59fd23851a07638e307c353677e50a1895d","12511340","0x35862ae7e70af9e0fff4a0ece8aa5470207468ac","0xfd3858df77c92053c5a823d3f9a8b14da83e80fc","10000000000","USDT","IN"
"0x70ae2c538466142b1e76784c5abe84e93e46169d3782c393b545f854bfcb4708","12511824","0x35862ae7e70af9e0fff4a0ece8aa5470207468ac","0xa1d0b3b360595a82dbaac1667535579bc568f8dd","3500000000","USDT","IN"
"0x2395e407adf4dd094ec2d364aa7e604dbdd3ced7ca91a7a9ba1a7cd1aeff149e","12515938","0xa13742775d27f5ac07c96385b3e1c7e3b8d89250","0x35862ae7e70af9e0fff4a0ece8aa5470207468ac","30000000000","USDT","OUT"
"0x10343a1eab21d4e80e8b6c86b3a46e1322554f20ffcafa2c16e20d2e58cde751","12527025","0x5e98aa185838775ab1eecdd6b9aa1d95bbb702f6","0x35862ae7e70af9e0fff4a0ece8aa5470207468ac","1200000000","USDT","OUT"
"0x0b100f8cf95193eec5781909e6aaeaa838a1ac53b11b304bdec08d3e8eb82c97","12535024","0x35862ae7e70af9e0fff4a0ece8aa5470207468ac","0xd0e986f506a037c25358fa63f49c6984a0c5370c","200000000","USDC","IN"
"0x8081e9812cd8f493cb33cc259fb701c184094ddf45c62fca7fb908f0739a89d2","12535907","0x35862ae7e70af9e0fff4a0ece8aa5470207468ac","0x1db5a7ab4ef7bad6b0153d334f69aca563cd0bd6","200000000","USDT","IN"
"0x54fb421a5a3c5f0e907b17e49b6a7e11cecced95c4cd1a00081a281b45a504fd","12535913","0x35862ae7e70af9e0fff4a0ece8aa5470207468ac","0x708396f17127c42383e3b9014072679b2f60b82f","200000000","USDT","IN"
"0x34c2caf3d3dbc455618be002e4feab7ebe748c0c0766233f72de8701c60253a1","12535978","0x35862ae7e70af9e0fff4a0ece8aa5470207468ac","0x9c4ff85f5b111afca51263a74452ca573c45e134","200000000","USDT","IN"
"0x1fa7eab126bbde685bbb6f11cf60262ff4b6a836a5a56a5eeb7862bce92fed1d","12535991","0x35862ae7e70af9e0fff4a0ece8aa5470207468ac","0xca6570eb6dd057e05f000815f9fe3fbe0b6798a5","200000000","USDC","IN"
"0xe647cb22e05f3369c3045a72858d0717e65049eca317620c1b4566facbf6ebaa","12536220","0x35862ae7e70af9e0fff4a0ece8aa5470207468ac","0x5a8e77b402ee10286436592ea5a523a40fc410f7","200000000","USDT","IN"
"0x8ba0596924b384123a5d94d3fe0139938ea60091e512775a056eaade9b6d6d59","12540996","0x92841bebabe89d3c5e0d5129f19779bdfe3cd9e4","0x35862ae7e70af9e0fff4a0ece8aa5470207468ac","5000000","USDT","OUT"
"0xa7d54d74dd7b030f76a0425d8b7a180af73d7cf960c7d25a0a33e6427e3fdcb3","12541077","0x92841bebabe89d3c5e0d5129f19779bdfe3cd9e4","0x35862ae7e70af9e0fff4a0ece8aa5470207468ac","42745000000","USDT","OUT"
"0x82309cec514baa384c1d7a4815b3b31bc817d2a3f0d89c9443046d7ce32908e4","12541145","0x35862ae7e70af9e0fff4a0ece8aa5470207468ac","0x85b931a32a0725be14285b66f1a22178c672d69b","200000000000000000000","DAI","IN"
"0x26e1b4328f7c243bc1102bb23d75025ee786423fca261d91579f6ecdd7e397fd","12541176","0x54d07cfa91f05fe3b45d8810fef05705117afe53","0x35862ae7e70af9e0fff4a0ece8aa5470207468ac","20000000000","USDT","OUT"
"0xa11c63028db31df2c593a69cef974cedb62fe31135a1937a12e75e4c79c38a98","12541376","0x74de5d4fcbf63e00296fd95d33236b9794016631","0x35862ae7e70af9e0fff4a0ece8aa5470207468ac","10000000000","USDT","OUT"
"0x62cad2567c8e3b19c90926c6ac23be81ce7470a29ead12b6a85d3ce197bb6db9","12541389","0x35862ae7e70af9e0fff4a0ece8aa5470207468ac","0x4874e093bed612ed1f52eeca5089a52daeb499a8","200000000","USDT","IN"
"0x9eb61ce793f04c8e7e4a0c03fc1ba8428c2338fe5ea21c61396a7eed29b3512f","12542862","0x35862ae7e70af9e0fff4a0ece8aa5470207468ac","0xd892f1cac31704c0f4fe586d142238e933945be5","200000000","USDT","IN"
"0xe8cbf7aeb87da3fab49e4b6d25fcd4f810e1b9d00ac0707a2a48e6298daf9f99","12547537","0xa3f6446dc0734fd9b7c764aa34ebec8f68e47ecf","0x35862ae7e70af9e0fff4a0ece8aa5470207468ac","300000000","USDT","OUT"
"0x78e0c0011d471d859464fac5d2c895c38c097fd813a3f254221aacd4929a394a","12547591","0x35862ae7e70af9e0fff4a0ece8aa5470207468ac","0x5c985e89dde482efe97ea9f1950ad149eb73829b","1000000000","USDC","IN"
"0x6b973893db93a0cf94544b78ae3f6910e31396b2fb26fca60db09c8811459c11","12547911","0x35862ae7e70af9e0fff4a0ece8aa5470207468ac","0x822daaead66b8c2ba15a7b8224869d4f5e5e7b61","1000000000","USDT","IN"
"0x50794f4048061dff5d6dd1978235e16d9fc664c29587e4e0e5a1db420ab2ae29","12548018","0x35862ae7e70af9e0fff4a0ece8aa5470207468ac","0x54d07cfa91f05fe3b45d8810fef05705117afe53","7000000000","USDT","IN"
"0x2526359b25a3aeed17f3d076649acfe4cc2b7db41f74ccd0e48bfc4d259c9333","12561207","0x35862ae7e70af9e0fff4a0ece8aa5470207468ac","0x9696f59e4d72e237be84ffd425dcad154bf96976","3000000000","USDT","IN"
"0x792a16bfd20b6b0fc00472c57754f30f30d223c156a7d297ca81c4275a190201","12566825","0x46fae3c5553ed70dabdee1aae917faf64250e806","0x35862ae7e70af9e0fff4a0ece8aa5470207468ac","6500000000","USDT","OUT"
"0xaa19e853d3fbc96725c1741fd4990986d809cec3dc31082b1e32cf3a41626ca1","12566829","0x11eff19dc599ee676b6d65bae0a60479a87e889a","0x35862ae7e70af9e0fff4a0ece8aa5470207468ac","2000000000","USDT","OUT"
"0x05277c9095339c6dc1194af378166ff5de69a113e8ddc4a511ffab67e7105a41","12567401","0x35862ae7e70af9e0fff4a0ece8aa5470207468ac","0x618ffd1cdabee36ce5992a857cc7463f21272bd7","1000000000","USDT","IN"
"0x9b2620f7b682b4da8ab9648f88d51b5623eb041849f809bb4fe89e20e29ad08c","12568153","0x35862ae7e70af9e0fff4a0ece8aa5470207468ac","0x1688571a589276fdddc8fcc492b1e023c4ddd6c9","15000000000","USDT","IN"
"0x7182a743c83e649840166c3ac4d771a6e3649f679a31f02812b9bc7b4d515631","12575389","0x35862ae7e70af9e0fff4a0ece8aa5470207468ac","0x9696f59e4d72e237be84ffd425dcad154bf96976","300000000","USDT","IN"
"0x1ab4eef5f2bc5b921759c7b5f2743dcd3fc03257970dee08f15e3963d9ed4ae1","12576499","0x35862ae7e70af9e0fff4a0ece8aa5470207468ac","0x2faf487a4414fe77e2327f0bf4ae2a264a776ad2","2000000000","USDT","IN"
"0x0412e1efe8d8ffd0036542163aab9cfc6446e7025927174df1b8167ed0837af3","12576812","0x35862ae7e70af9e0fff4a0ece8aa5470207468ac","0xe92d80a90bc050a12f1c6fbe0e50e1b5a874b595","4000000000","USDT","IN"
"0x24f7987a05940fdd991c26974c425b5d2daba50fe8f7dc769fd2be603e2fcd4e","12579528","0x35862ae7e70af9e0fff4a0ece8aa5470207468ac","0x1bb05ac6f7807928d7f5eb436f9b3ea3b4899886","2000000000","USDT","IN"
"0x8c43d688607fd59bb7efc3b8dc5af184ef1eb0c80fe064efdbfb1dd7f8da0e79","12581031","0x35862ae7e70af9e0fff4a0ece8aa5470207468ac","0xe23cedadbba887bf6bbb6f161ff9281f6c39b5eb","100000000","USDT","IN"
"0x4753ce1d368ded366e65eedb71d8a9e38048fe7768660dd5fec60b31a7154e60","12581158","0x35862ae7e70af9e0fff4a0ece8aa5470207468ac","0x7abd035ee2cb82330389d156e8eded6b3e6c2e53","3000000000","USDT","IN"
"0xff3cb756a528076f626c5257ee0939d2d76dfd014a19ed7420ada5fb091d074c","12581167","0x35862ae7e70af9e0fff4a0ece8aa5470207468ac","0x0c1a500277017a7a01a4ae67f7baca8203225c71","100000000","USDT","IN"
"0xea4e0860b69b7ff064bfe0d06ed5ae37d36c01dcc788e4a1c1e7ad744f70873a","12582034","0x74de5d4fcbf63e00296fd95d33236b9794016631","0x35862ae7e70af9e0fff4a0ece8aa5470207468ac","15000000000","USDT","OUT"
"0xc7633567699da1518ecad4c00251b4105fbbf0ac05c8f85599c621ef33043f01","12583784","0x35862ae7e70af9e0fff4a0ece8aa5470207468ac","0x75e89d5979e4f6fba9f97c104c2f0afb3f1dcb88","2000000000","USDT","IN"
"0xacbc229214223e182c9fa26f39286ccf4fc84c0bee721565d0a4bf20d40a592c","12584084","0x35862ae7e70af9e0fff4a0ece8aa5470207468ac","0x7b51120652c8479807b96b641ea7279f87f3777f","100000000","USDT","IN"
"0x6fa8c75a5c351953edced49fc121028c4a3606e33f00291f388f7441dde6def1","12585938","0x35862ae7e70af9e0fff4a0ece8aa5470207468ac","0x43bc50ced75c52a0d3dcb80e101188b13442509f","100000000","USDT","IN"
"0xe1f96ff5fcbb20b87daf9ebfcd418ad4c8feaa49ee5aab184b55adc876c51e65","12586147","0x35862ae7e70af9e0fff4a0ece8aa5470207468ac","0xae5d528177a6273dc022eca11496b89298e4654f","189568503","USDT","IN"
"0xb94e12ee33672e9fb103268c40b4e86bdd07bf3154fc12f0207194e710207279","12586600","0x35862ae7e70af9e0fff4a0ece8aa5470207468ac","0xd8be89d2acd6b7fee506bd98213c0d849af44b76","3333000000","USDC","IN"
"0x292027471b9da3d42522c222c722f0ce0c0312462ce6501903ff0a1e18bfc02d","12586743","0x35862ae7e70af9e0fff4a0ece8aa5470207468ac","0x3ca4365275be1c2988d8258bd1d7178f05eba4f5","100000000","USDT","IN"
"0xe606faca9772f9fcc2b89ffa1710462183cfaa78168022686f18007508e1c784","12586932","0x40ec5b33f54e0e8a33a975908c5ba1c14e5bbbdf","0x35862ae7e70af9e0fff4a0ece8aa5470207468ac","50000000000","USDT","OUT"
"0x2d40a44609d24efcb362408cfb519d2594753cee7660b2a1a07b539f619ebaff","12587005","0x40ec5b33f54e0e8a33a975908c5ba1c14e5bbbdf","0x35862ae7e70af9e0fff4a0ece8aa5470207468ac","50000000000","USDT","OUT"
"0xee37cd46be4513432db224c515780074134d3f978abda1ddf71a724c142e642e","12587079","0xa734439d26ce4dbf43ed7eb364ec409d949bb369","0x35862ae7e70af9e0fff4a0ece8aa5470207468ac","300000000","USDT","OUT"
"0xaabecaa5e39256b6cfb822424d87aa62b0ee5b03c1a08c633488c51bc83489b9","12588522","0xf3815489b70c0a3a0b626f183b1f1240f63e06a6","0x35862ae7e70af9e0fff4a0ece8aa5470207468ac","100000000","USDT","OUT"
"0x7b2fa29f9006bb04c27f635bcbc2d8d2216c79f2fbc8bf8bfcaa338c529ea0c4","12588595","0x35862ae7e70af9e0fff4a0ece8aa5470207468ac","0x28c6c06298d514db089934071355e5743bf21d60","5000000000","USDT","IN"
"0xd720c755f22e7855c703c4a8edc6a90cd57424e4a9ed8b8f8953fa2422e35bd8","12592728","0x35862ae7e70af9e0fff4a0ece8aa5470207468ac","0xad78f00a90778feab93bee2b7744094ce544bbdc","200000000","USDT","IN"
"0xa4073266b753043bc979be13e8888ec74ec8f60a58f2e0befd86363c1fc350aa","12593341","0x35862ae7e70af9e0fff4a0ece8aa5470207468ac","0x0e4356f3ce147252353f0a35489c61c6f0ca9c25","100000000","USDT","IN"
"0xf173c4778943c687026657e7dfbdd867e1792a24864e9f68b77e5f143a263dec","12593546","0x74de5d4fcbf63e00296fd95d33236b9794016631","0x35862ae7e70af9e0fff4a0ece8aa5470207468ac","55000000000","USDT","OUT"
"0xfc8a1ca2db4834b4e503f39094b98862fbb1696f583a3e563a58e4590739968d","12599310","0x35862ae7e70af9e0fff4a0ece8aa5470207468ac","0x9b14934ec40df312ccd968ba22e3cc1ddf1992db","4000000000","USDT","IN"
"0xa10ea80b43ecdc524b61f09b55139bd31496288b4dc3ed41d21849e26b85f7e5","12601464","0xf05f5d4ad1b3fd5ad57ba5ca386d0db2e8b317aa","0x35862ae7e70af9e0fff4a0ece8aa5470207468ac","26500000000","USDC","OUT"
"0x06621918593a1784a4c3be8c5019784fdda9646ff428b0f7c2e989398943ff6d","12604532","0x3f36990f6b1400635f71bcaa6f4921463d61924c","0x35862ae7e70af9e0fff4a0ece8aa5470207468ac","100000000000","USDT","OUT"
"0xafbec9ac299cc15156014bc57f8310fd3cedcb4f13fe9c27c82fc61309279f79","12605979","0xd8be89d2acd6b7fee506bd98213c0d849af44b76","0x35862ae7e70af9e0fff4a0ece8aa5470207468ac","3333000000","USDT","OUT"
"0x303175d664d4dc7ac536f5294801703c1b3a144a8e36fc73be34369503f777d6","12612238","0x35862ae7e70af9e0fff4a0ece8aa5470207468ac","0x618ffd1cdabee36ce5992a857cc7463f21272bd7","800000000","USDT","IN"
"0xa05da28f221411be47802922472c8398f647afef38519ce09cc1299dcdb3764f","12638807","0x0e4356f3ce147252353f0a35489c61c6f0ca9c25","0x35862ae7e70af9e0fff4a0ece8aa5470207468ac","100000000","USDT","OUT"
"0x99952b48b1e24cc8cdbd30940f819ad64ae90d262df2892575cafe85a0714ff5","12893755","0xa88e5d2e8c864f681a20aab638e8d37051247020","0x35862ae7e70af9e0fff4a0ece8aa5470207468ac","445000000","USDT","OUT"
"0xb64daef6f349de19012940d57c40837e4e37ecdebe3131e13581a60286afb859","12908651","0xa13742775d27f5ac07c96385b3e1c7e3b8d89250","0x35862ae7e70af9e0fff4a0ece8aa5470207468ac","30000000000","USDT","OUT"
"0x4eb6a611ae5f525fb87722cd99b1f3558c84cad237c5f5db7e6477ed82b568b7","12926061","0x52de8d3febd3a06d3c627f59d56e6892b80dcf12","0x35862ae7e70af9e0fff4a0ece8aa5470207468ac","1515150000","USDC","OUT"
"0xed4da82238412f4d2d3a39f97aced20dd431806a265873a9f1fb962dd40a293f","12956588","0x35862ae7e70af9e0fff4a0ece8aa5470207468ac","0xc0897d6ba893e31f42f658eead777aa15b8f824d","2000000000000000000000","MAHA","IN"
"0x5f37dd1880358a836a06a11a0a0705b5392c23d88cef4cb072cf2adef9925c55","12956596","0x4274a49fbeb724d75b8ba7bfc55fc8495a15ad1e","0x35862ae7e70af9e0fff4a0ece8aa5470207468ac","2000000000000000000000","MAHA","OUT"
"0x2d960f625882cb9c8d3892e5ad134a519c52799a094a39b6e1ad0edd742f046a","12971120","0x35862ae7e70af9e0fff4a0ece8aa5470207468ac","0xc0897d6ba893e31f42f658eead777aa15b8f824d","2000000000000000000000","MAHA","IN"
"0xcf7ec3ae7426f07c5d1cc278eba7db3158420ceff319fede9376052aaee70e69","12971135","0x4274a49fbeb724d75b8ba7bfc55fc8495a15ad1e","0x35862ae7e70af9e0fff4a0ece8aa5470207468ac","2000000000000000000000","MAHA","OUT"
"0x9cd2eda1b89bdf6f32f689faaea057c6a3415b12925a4ac6a097f4e4da130c64","12984376","0x35862ae7e70af9e0fff4a0ece8aa5470207468ac","0xc0897d6ba893e31f42f658eead777aa15b8f824d","991000000000000000000","MAHA","IN"
"0xac6e99def00e1b68f546fa140e1c8946d61e6c1bf5793aebd66e411842480414","12984380","0x4274a49fbeb724d75b8ba7bfc55fc8495a15ad1e","0x35862ae7e70af9e0fff4a0ece8aa5470207468ac","991000000000000000000","MAHA","OUT"
"0xccf087c1537457c3679b52f04d8d7030f9e82915693f848d3146faab1049c926","12991902","0x35862ae7e70af9e0fff4a0ece8aa5470207468ac","0xc0897d6ba893e31f42f658eead777aa15b8f824d","1000000000000000000000","MAHA","IN"
"0x62a6b71f4761eb110d46ffd61f43690e2aa9920ae3db94086ab3f42c6300b27d","12991912","0x4274a49fbeb724d75b8ba7bfc55fc8495a15ad1e","0x35862ae7e70af9e0fff4a0ece8aa5470207468ac","1000000000000000000000","MAHA","OUT"
